﻿<?xml version="1.0" encoding="utf-8"?>
<Behavior Version="5" NoError="true">
  <Node Class="Behaviac.Design.Nodes.Behavior" AgentType="HoverBotAgent" Domains="" Enable="true" HasOwnPrefabData="false" Id="-1" PrefabName="" PrefabNodeId="-1">
    <Comment Background="NoColor" Text="" />
    <DescriptorRefs value="0:" />
    <Connector Identifier="GenericChildren">
      <Node Class="PluginBehaviac.Nodes.Selector" Enable="true" HasOwnPrefabData="false" Id="0" PrefabName="" PrefabNodeId="-1">
        <Comment Background="NoColor" Text="" />
        <Connector Identifier="GenericChildren">
          <Node Class="PluginBehaviac.Nodes.Sequence" Enable="true" HasOwnPrefabData="false" Id="2" PrefabName="" PrefabNodeId="-1">
            <Comment Background="NoColor" Text="" />
            <Connector Identifier="GenericChildren">
              <Node Class="PluginBehaviac.Nodes.Condition" Enable="true" HasOwnPrefabData="false" Id="3" Operator="Equal" Opl="Self.HoverBotAgent::HasTarget()" Opr="const bool false" PrefabName="" PrefabNodeId="-1">
                <Comment Background="NoColor" Text="" />
              </Node>
              <Node Class="PluginBehaviac.Nodes.Action" Enable="true" HasOwnPrefabData="false" Id="1" Method="Self.HoverBotAgent::DoPatrol()" PrefabName="" PrefabNodeId="-1" ResultFunctor="&quot;&quot;" ResultOption="BT_INVALID">
                <Comment Background="NoColor" Text="" />
              </Node>
            </Connector>
          </Node>
          <Node Class="PluginBehaviac.Nodes.Selector" Enable="true" HasOwnPrefabData="false" Id="5" PrefabName="" PrefabNodeId="-1">
            <Comment Background="NoColor" Text="" />
            <Connector Identifier="GenericChildren">
              <Node Class="PluginBehaviac.Nodes.Sequence" Enable="true" HasOwnPrefabData="false" Id="4" PrefabName="" PrefabNodeId="-1">
                <Comment Background="NoColor" Text="" />
                <Connector Identifier="GenericChildren">
                  <Node Class="PluginBehaviac.Nodes.Condition" Enable="true" HasOwnPrefabData="false" Id="6" Operator="GreaterEqual" Opl="Self.HoverBotAgent::GetTargetDist()" Opr="const float 10" PrefabName="" PrefabNodeId="-1">
                    <Comment Background="NoColor" Text="" />
                  </Node>
                  <Node Class="PluginBehaviac.Nodes.Action" Enable="true" HasOwnPrefabData="false" Id="7" Method="Self.HoverBotAgent::DoChase()" PrefabName="" PrefabNodeId="-1" ResultFunctor="&quot;&quot;" ResultOption="BT_INVALID">
                    <Comment Background="NoColor" Text="" />
                  </Node>
                </Connector>
              </Node>
              <Node Class="PluginBehaviac.Nodes.Sequence" Enable="true" HasOwnPrefabData="false" Id="9" PrefabName="" PrefabNodeId="-1">
                <Comment Background="NoColor" Text="" />
                <Connector Identifier="GenericChildren">
                  <Node Class="PluginBehaviac.Nodes.Action" Enable="true" HasOwnPrefabData="false" Id="8" Method="Self.HoverBotAgent::DoAttack()" PrefabName="" PrefabNodeId="-1" ResultFunctor="&quot;&quot;" ResultOption="BT_INVALID">
                    <Comment Background="NoColor" Text="" />
                  </Node>
                  <Node Class="PluginBehaviac.Nodes.Action" Enable="true" HasOwnPrefabData="false" Id="10" Method="Self.HoverBotAgent::DoChase()" PrefabName="" PrefabNodeId="-1" ResultFunctor="&quot;&quot;" ResultOption="BT_INVALID">
                    <Comment Background="NoColor" Text="" />
                  </Node>
                </Connector>
              </Node>
            </Connector>
          </Node>
        </Connector>
      </Node>
    </Connector>
  </Node>
</Behavior>